{
  "cse": {
    "radar_loss": 0.5473848661888299,
    "beam_objective": 0.5473848661888299,
    "beampattern_loss": 0.4368408262165774,
    "cross_corr": 0.11054403997225248,
    "weighted_cross_corr": 0.11054403997225248,
    "target_mean": 2.243922857724691,
    "sidelobe_ratio": 0.766260583634245,
    "sidelobe_leakage": 0.8448920771915488,
    "target_min": 2.016917359904469,
    "target_min_ratio": 0.8988354269672165,
    "target_band_errors": [
      0.005969580658056081,
      0.017489027899258568,
      0.009348338112815234
    ],
    "target_band_error_mean": 0.010935648890043295,
    "min_sinr": 61.53269658859452,
    "min_sinr_db": 17.891059478831682,
    "feasible": true,
    "cost": 0.0,
    "alpha": 2.035087894664357
  },
  "vanilla": {
    "radar_loss": 0.47459531802554167,
    "beam_objective": 0.47459531802554167,
    "beampattern_loss": 0.43444615540278897,
    "cross_corr": 0.04014916262275272,
    "weighted_cross_corr": 0.04014916262275272,
    "target_mean": 2.2529631879608822,
    "sidelobe_ratio": 0.7826819254067235,
    "sidelobe_leakage": 0.8578816625772913,
    "target_min": 2.049644153018012,
    "target_min_ratio": 0.9097548348639949,
    "target_band_errors": [
      0.006880331189876978,
      0.013019757118872004,
      0.009090277921904498
    ],
    "target_band_error_mean": 0.009663455410217826,
    "min_sinr": 20.310871213033483,
    "min_sinr_db": 13.077285524002844,
    "feasible": true,
    "cost": 0.0,
    "alpha": 2.0554741320919927
  }
}
