{
  "config": {
    "algorithm": "cse",
    "K": 2,
    "sinr_db": 12.0,
    "max_steps": 8,
    "init_mode": "policy",
    "use_nullspace_action": true,
    "use_macro_consolidation": true,
    "use_feasibility_weighted_entropy": true,
    "use_dual_control": true,
    "eval_batch_size": 128,
    "inference_candidates": 64,
    "selection_rel_tolerance": 0.15,
    "rollout_workers": 8,
    "rollout_backend": "process",
    "num_workers": 64,
    "log_dir": "log/20260428-001534",
    "channel_seed": 42,
    "methods": [
      "cse",
      "vanilla"
    ],
    "hardware": {
      "device_arg": "cuda",
      "cuda_visible_devices": "",
      "cuda_available": true,
      "cuda_device_count": 2,
      "torch_num_threads": 32,
      "torch_num_interop_threads": 32,
      "cpu_count": 64,
      "omp_num_threads": "",
      "mkl_num_threads": "",
      "openblas_num_threads": "",
      "cuda_devices": [
        {
          "index": 0,
          "name": "Tesla V100-PCIE-16GB",
          "total_memory_gb": 15.773,
          "compute_capability": "7.0"
        },
        {
          "index": 1,
          "name": "NVIDIA A100-PCIE-40GB",
          "total_memory_gb": 39.394,
          "compute_capability": "8.0"
        }
      ]
    }
  },
  "baselines": {},
  "methods": {
    "cse": {
      "algorithm": "cse",
      "metrics": {
        "radar_loss": 0.6696828026992717,
        "beam_objective": 0.6696828026992717,
        "beampattern_loss": 0.5084376079151884,
        "cross_corr": 0.16124519478408322,
        "sidelobe_ratio": 0.8478594947934666,
        "sidelobe_leakage": 0.9423926468879344,
        "target_mean": 2.2012867746791485,
        "target_min": 1.9911033441065529,
        "target_min_ratio": 0.9068350780636593,
        "target_band_error_mean": 0.01901337624263861,
        "min_sinr": 66.75671240285959,
        "feasible_rate": 0.9765625,
        "cost": 0.017483903930295065,
        "min_sinr_db": 18.244949406427153
      },
      "train_time_sec": 1038.2121096979827,
      "eval_time_sec": 16.66795701207593,
      "inference_time_sec": 30.709042977076024,
      "last_history": {
        "update": 200.0,
        "reward": 0.03304608434940273,
        "cost": 0.0,
        "dual": 0.07541807793041985,
        "entropy_threshold": 0.3231024955994,
        "low_entropy_rate": 0.130859375,
        "quality_reward": 0.0041307605436753415,
        "improvement_reward": 0.0041307605436753415,
        "relative_loss_improvement": 0.006735834405823694,
        "relative_quality_improvement": 0.0041307605436753415,
        "radar_loss": 0.6470253120262729,
        "beam_objective": 0.6470253120262729,
        "beampattern_loss": 0.5061069004497705,
        "cross_corr": 0.14091841157650242,
        "sidelobe_ratio": 0.8410302418814817,
        "sidelobe_leakage": 0.9302045101071124,
        "target_mean": 2.1203184847211523,
        "target_min": 1.9651835303836536,
        "target_min_ratio": 0.9268418955549077,
        "target_band_error_mean": 0.014492320089080123,
        "feasible_rate": 1.0,
        "accepted_rate": 0.19921875,
        "mean_step_scale": 0.101470947265625,
        "rollout_time_sec": 4.319777077995241,
        "reset_time_sec": 2.5344043489312753,
        "policy_time_sec": 0.025316650979220867,
        "env_step_time_sec": 1.7276547499932349,
        "transition_time_sec": 0.031648710020817816,
        "segment_time_sec": 0.006638951017521322,
        "ppo_update_time_sec": 0.9612292170058936,
        "update_time_sec": 5.294860624009743,
        "transitions_per_sec": 118.52463466416035
      },
      "history_file": "log/20260428-001534/training_history/cse_history.csv",
      "inference_candidates": 64,
      "rollout_workers": 8,
      "rollout_backend": "process",
      "beamformer": {
        "radar_loss": 0.5473848661888299,
        "beam_objective": 0.5473848661888299,
        "beampattern_loss": 0.4368408262165774,
        "cross_corr": 0.11054403997225248,
        "weighted_cross_corr": 0.11054403997225248,
        "target_mean": 2.243922857724691,
        "sidelobe_ratio": 0.766260583634245,
        "sidelobe_leakage": 0.8448920771915488,
        "target_min": 2.016917359904469,
        "target_min_ratio": 0.8988354269672165,
        "target_band_errors": [
          0.005969580658056081,
          0.017489027899258568,
          0.009348338112815234
        ],
        "target_band_error_mean": 0.010935648890043295,
        "min_sinr": 61.53269658859452,
        "min_sinr_db": 17.891059478831682,
        "feasible": true,
        "cost": 0.0,
        "alpha": 2.035087894664357
      }
    },
    "vanilla": {
      "algorithm": "vanilla",
      "metrics": {
        "radar_loss": 0.6219807237180046,
        "beam_objective": 0.6219807237180046,
        "beampattern_loss": 0.4879550183640343,
        "cross_corr": 0.1340257053539703,
        "sidelobe_ratio": 0.835657838330998,
        "sidelobe_leakage": 0.928711334853514,
        "target_mean": 2.2522841963878877,
        "target_min": 2.0404397286985954,
        "target_min_ratio": 0.9080391131455594,
        "target_band_error_mean": 0.018594887084797552,
        "min_sinr": 39.40033630870555,
        "feasible_rate": 0.97265625,
        "cost": 0.017800646714607724,
        "min_sinr_db": 15.954999288405915
      },
      "train_time_sec": 1079.544757401105,
      "eval_time_sec": 17.038191437954083,
      "inference_time_sec": 30.750243191956542,
      "last_history": {
        "update": 200.0,
        "reward": 0.06300393110177911,
        "cost": 0.0005822092937878435,
        "dual": 0.08611442007194099,
        "entropy_threshold": 0.3236011245792108,
        "low_entropy_rate": 0.0,
        "quality_reward": 0.00787549138772239,
        "improvement_reward": 0.00787549138772239,
        "relative_loss_improvement": 0.013378435793708818,
        "relative_quality_improvement": 0.00787549138772239,
        "radar_loss": 0.6113851651012135,
        "beam_objective": 0.6113851651012135,
        "beampattern_loss": 0.48976051632431633,
        "cross_corr": 0.12162464877689719,
        "sidelobe_ratio": 0.8293913845076044,
        "sidelobe_leakage": 0.9176144658937634,
        "target_mean": 2.1691667130858967,
        "target_min": 2.029812057676189,
        "target_min_ratio": 0.9360871498943439,
        "target_band_error_mean": 0.013661777324588132,
        "feasible_rate": 0.859375,
        "accepted_rate": 0.296875,
        "mean_step_scale": 0.12653350830078125,
        "rollout_time_sec": 4.249571252963506,
        "reset_time_sec": 2.514104621950537,
        "policy_time_sec": 0.022858759039081633,
        "env_step_time_sec": 1.7002395810559392,
        "transition_time_sec": 0.011698073940351605,
        "segment_time_sec": 0.007045564940199256,
        "ppo_update_time_sec": 1.1216465570032597,
        "update_time_sec": 5.383783578057773,
        "transitions_per_sec": 120.48274273385785
      },
      "history_file": "log/20260428-001534/training_history/vanilla_history.csv",
      "inference_candidates": 64,
      "rollout_workers": 8,
      "rollout_backend": "process",
      "beamformer": {
        "radar_loss": 0.47459531802554167,
        "beam_objective": 0.47459531802554167,
        "beampattern_loss": 0.43444615540278897,
        "cross_corr": 0.04014916262275272,
        "weighted_cross_corr": 0.04014916262275272,
        "target_mean": 2.2529631879608822,
        "sidelobe_ratio": 0.7826819254067235,
        "sidelobe_leakage": 0.8578816625772913,
        "target_min": 2.049644153018012,
        "target_min_ratio": 0.9097548348639949,
        "target_band_errors": [
          0.006880331189876978,
          0.013019757118872004,
          0.009090277921904498
        ],
        "target_band_error_mean": 0.009663455410217826,
        "min_sinr": 20.310871213033483,
        "min_sinr_db": 13.077285524002844,
        "feasible": true,
        "cost": 0.0,
        "alpha": 2.0554741320919927
      }
    }
  },
  "rl": {
    "algorithm": "cse",