{
  "heppo_seed1": {
    "objective": 1072.425465381163,
    "objective_std": 415.8961220774453,
    "Lr": 0.7784032408191404,
    "Lr_std": 0.09938928054251776,
    "Lr1": 0.69522187346276,
    "Lr1_std": 0.10077581547040089,
    "Lr1_plain": 0.9037957241239369,
    "Lr1_plain_std": 0.13619754040724202,
    "Lr2": 0.08318136735638029,
    "Lr2_std": 0.048548522607007996,
    "C_sinr": 133.98140847085676,
    "C_sinr_std": 51.98715725913273,
    "C_target": 0.06406519484907594,
    "C_target_std": 0.06747328814333818,
    "C_offset": 0.69160052083308,
    "C_offset_std": 0.18077433388434289,
    "target_center_error": 0.06406519484907594,
    "target_center_error_std": 0.06747328814333818,
    "target_peak_offset_error": 0.69160052083308,
    "target_peak_offset_error_std": 0.18077433388434289,
    "C_side": 0.9730766321853406,
    "C_side_std": 0.11503280970690735,
    "C_band": 0.06112559013225999,
    "C_band_std": 0.04747194759629246,
    "C_balance": 0.2443240031831836,
    "C_balance_std": 0.12614756361072377,
    "min_sinr_db": -13.649712884280344,
    "min_sinr_db_std": 5.861707130896165,
    "peak_sidelobe_ratio": 1.664153241181734,
    "peak_sidelobe_ratio_std": 0.3212665373922943,
    "mean_sidelobe_ratio": 1.0312236424445071,
    "mean_sidelobe_ratio_std": 0.18505175121142223,
    "target_band_error": 0.06112559013225999,
    "target_band_error_std": 0.04747194759629246,
    "feasible_rate": 0.0,
    "runtime_sec": 0.05338728659808112,
    "runtime_sec_std": 0.007212596328756672,
    "checkpoint": "log/20260428-215035/checkpoints/heppo_seed1.pt"
  },
  "ppo_seed1": {
    "objective": 1275.8815950515118,
    "objective_std": 478.45100177772986,
    "Lr": 0.7831622874615647,
    "Lr_std": 0.0992157391976347,
    "Lr1": 0.6943506010555569,
    "Lr1_std": 0.09661171845455908,
    "Lr1_plain": 0.903860694118724,
    "Lr1_plain_std": 0.13204175593584552,
    "Lr2": 0.08881168640600777,
    "Lr2_std": 0.053355537742880384,
    "C_sinr": 159.41308905710088,
    "C_sinr_std": 59.80649947430693,
    "C_target": 0.05102889893120867,
    "C_target_std": 0.049704397073258494,
    "C_offset": 0.6781833333329195,
    "C_offset_std": 0.22940380911998742,
    "target_center_error": 0.05102889893120867,
    "target_center_error_std": 0.049704397073258494,
    "target_peak_offset_error": 0.6781833333329195,
    "target_peak_offset_error_std": 0.22940380911998742,
    "C_side": 0.9587264499482013,
    "C_side_std": 0.12070313135057509,
    "C_band": 0.057687467327821124,
    "C_band_std": 0.04290843287176968,
    "C_balance": 0.2238971328018448,
    "C_balance_std": 0.12622785431554,
    "min_sinr_db": -15.722018841410994,
    "min_sinr_db_std": 5.94651752059048,
    "peak_sidelobe_ratio": 1.627853064951581,
    "peak_sidelobe_ratio_std": 0.3285637794925904,
    "mean_sidelobe_ratio": 1.0270136944824313,
    "mean_sidelobe_ratio_std": 0.19987148135606547,
    "target_band_error": 0.057687467327821124,
    "target_band_error_std": 0.04290843287176968,
    "feasible_rate": 0.0,
    "runtime_sec": 0.0535905804158574,
    "runtime_sec_std": 0.007218624250827135,
    "checkpoint": "log/20260428-215035/checkpoints/ppo_seed1.pt"
  }
}
