{
  "heppo_seed1": 0.05338728659808112,
  "ppo_seed1": 0.0535905804158574
}
