{
  "config": {
    "algorithm": "cse",
    "K": 2,
    "sinr_db": 12.0,
    "max_steps": 8,
    "init_mode": "policy",
    "use_nullspace_action": true,
    "use_macro_consolidation": true,
    "use_feasibility_weighted_entropy": true,
    "use_dual_control": true,
    "eval_batch_size": 128,
    "inference_candidates": 64,
    "selection_rel_tolerance": 0.15,
    "rollout_workers": 8,
    "rollout_backend": "process",
    "num_workers": 64,
    "log_dir": "log/20260427-225852",
    "channel_seed": 42,
    "methods": [
      "cse",
      "vanilla"
    ],
    "hardware": {
      "device_arg": "cuda",
      "cuda_visible_devices": "",
      "cuda_available": true,
      "cuda_device_count": 2,
      "torch_num_threads": 32,
      "torch_num_interop_threads": 32,
      "cpu_count": 64,
      "omp_num_threads": "",
      "mkl_num_threads": "",
      "openblas_num_threads": "",
      "cuda_devices": [
        {
          "index": 0,
          "name": "Tesla V100-PCIE-16GB",
          "total_memory_gb": 15.773,
          "compute_capability": "7.0"
        },
        {
          "index": 1,
          "name": "NVIDIA A100-PCIE-40GB",
          "total_memory_gb": 39.394,
          "compute_capability": "8.0"
        }
      ]
    }
  },
  "baselines": {},
  "methods": {
    "cse": {
      "algorithm": "cse",
      "metrics": {
        "radar_loss": 0.6802617880124187,
        "beam_objective": 0.6802617880124187,
        "beampattern_loss": 0.5119592268272886,
        "cross_corr": 0.16830256118512996,
        "sidelobe_ratio": 0.8509602301226065,
        "sidelobe_leakage": 0.9468026248808215,
        "target_mean": 2.2119340331012074,
        "target_min": 1.9981305180129638,
        "target_min_ratio": 0.9058133063499699,
        "target_band_error_mean": 0.01984946791443554,
        "min_sinr": 67.06542997264438,
        "feasible_rate": 0.9765625,
        "cost": 0.017421570624899657,
        "min_sinr_db": 18.26498713299292
      },
      "train_time_sec": 523.8556228830712,
      "eval_time_sec": 17.056615703040734,
      "inference_time_sec": 30.56261622707825,
      "last_history": {
        "update": 100.0,
        "reward": 0.0327408684552425,
        "cost": 0.00019627338923028153,
        "dual": 0.037069382796799076,
        "entropy_threshold": 0.3209462471537433,
        "low_entropy_rate": 0.15625,
        "quality_reward": 0.004092608556905313,
        "improvement_reward": 0.004092608556905313,
        "relative_loss_improvement": 0.005902004429673765,
        "relative_quality_improvement": 0.004092608556905313,
        "radar_loss": 0.6642989237317465,
        "beam_objective": 0.6642989237317465,
        "beampattern_loss": 0.5175590428078568,
        "cross_corr": 0.14673988092388962,
        "sidelobe_ratio": 0.8312507423896952,
        "sidelobe_leakage": 0.9230080539320602,
        "target_mean": 2.195355844404788,
        "target_min": 2.003415894442167,
        "target_min_ratio": 0.9139231968722313,
        "target_band_error_mean": 0.01779269174240144,
        "feasible_rate": 0.984375,
        "accepted_rate": 0.1875,
        "mean_step_scale": 0.10353851318359375,
        "rollout_time_sec": 4.344528867048211,
        "reset_time_sec": 2.5915579500142485,
        "policy_time_sec": 0.02292169106658548,
        "env_step_time_sec": 1.698688199161552,
        "transition_time_sec": 0.03071359102614224,
        "segment_time_sec": 0.005598608986474574,
        "ppo_update_time_sec": 0.9096869770437479,
        "update_time_sec": 5.26524823193904,
        "transitions_per_sec": 117.84937231821559
      },
      "history_file": "log/20260427-225852/training_history/cse_history.csv",
      "inference_candidates": 64,
      "rollout_workers": 8,
      "rollout_backend": "process",
      "beamformer": {
        "radar_loss": 0.5648375734538311,
        "beam_objective": 0.5648375734538311,
        "beampattern_loss": 0.44789987685452654,
        "cross_corr": 0.1169376965993046,
        "weighted_cross_corr": 0.1169376965993046,
        "target_mean": 2.261955260551477,
        "sidelobe_ratio": 0.7642030964300246,
        "sidelobe_leakage": 0.8429996215584912,
        "target_min": 2.0491666286255668,
        "target_min_ratio": 0.905927126129793,
        "target_band_errors": [
          0.0056318452704356495,
          0.018897803995233234,
          0.008157104427860343
        ],
        "target_band_error_mean": 0.010895584564509743,
        "min_sinr": 71.25754950305009,
        "min_sinr_db": 18.528308831903793,
        "feasible": true,
        "cost": 0.0,
        "alpha": 2.05052667865247
      }
    },
    "vanilla": {
      "algorithm": "vanilla",
      "metrics": {
        "radar_loss": 0.6380786798759821,
        "beam_objective": 0.6380786798759821,
        "beampattern_loss": 0.49670588665808524,
        "cross_corr": 0.14137279321789692,
        "sidelobe_ratio": 0.8402223425063399,
        "sidelobe_leakage": 0.9338727026443898,
        "target_mean": 2.233928368905015,
        "target_min": 2.0209380880582235,
        "target_min_ratio": 0.9070532148531226,
        "target_band_error_mean": 0.01899497245698764,
        "min_sinr": 45.51134349627866,
        "feasible_rate": 0.9765625,
        "cost": 0.017563202423792893,
        "min_sinr_db": 16.58119656082269
      },
      "train_time_sec": 539.2837188480189,
      "eval_time_sec": 16.88482749601826,
      "inference_time_sec": 30.522343613090925,
      "last_history": {
        "update": 100.0,
        "reward": 0.04908923288224725,
        "cost": 0.00025824312857554476,
        "dual": 0.03972581048592016,
        "entropy_threshold": 0.3218416690520962,
        "low_entropy_rate": 0.0,
        "quality_reward": 0.006136154110280907,
        "improvement_reward": 0.006136154110280907,
        "relative_loss_improvement": 0.009523666530221936,
        "relative_quality_improvement": 0.006136154110280907,
        "radar_loss": 0.645956025653524,
        "beam_objective": 0.645956025653524,
        "beampattern_loss": 0.5082886887027499,
        "cross_corr": 0.13766733695077402,
        "sidelobe_ratio": 0.8253184980473154,
        "sidelobe_leakage": 0.9166012869821816,
        "target_mean": 2.2093533224884565,
        "target_min": 2.0289542274765155,
        "target_min_ratio": 0.9195643645995305,
        "target_band_error_mean": 0.017121471538462107,
        "feasible_rate": 0.90625,
        "accepted_rate": 0.30859375,
        "mean_step_scale": 0.12863922119140625,
        "rollout_time_sec": 4.246846211026423,
        "reset_time_sec": 2.5511585030471906,
        "policy_time_sec": 0.02578108781017363,
        "env_step_time_sec": 1.6560162130044773,
        "transition_time_sec": 0.013210333767347038,
        "segment_time_sec": 0.00721206096932292,
        "ppo_update_time_sec": 1.0254531729733571,
        "update_time_sec": 5.284956571063958,
        "transitions_per_sec": 120.5600519912056
      },
      "history_file": "log/20260427-225852/training_history/vanilla_history.csv",
      "inference_candidates": 64,
      "rollout_workers": 8,
      "rollout_backend": "process",
      "beamformer": {
        "radar_loss": 0.5091555618670477,
        "beam_objective": 0.5091555618670477,
        "beampattern_loss": 0.43204112174130405,
        "cross_corr": 0.07711444012574367,
        "weighted_cross_corr": 0.07711444012574367,
        "target_mean": 2.281209565567945,
        "sidelobe_ratio": 0.7766672641604239,
        "sidelobe_leakage": 0.8517281394181463,
        "target_min": 2.1576391968565787,
        "target_min_ratio": 0.9458312070155636,
        "target_band_errors": [
          0.004492360949113672,
          0.011907677350497517,
          0.007828262207165973
        ],
        "target_band_error_mean": 0.008076100168925722,
        "min_sinr": 16.481323356808556,
        "min_sinr_db": 12.169920801453983,
        "feasible": true,
        "cost": 0.0,
        "alpha": 2.0801717241332436
      }
    }
  },