{
  "heppo_seed1": {
    "objective": 1243.348657073981,
    "objective_std": 423.9503640973917,
    "Lr": 1.0379674824894265,
    "Lr_std": 0.15610601262952764,
    "Lr1": 0.9643619372065996,
    "Lr1_std": 0.15633279186916652,
    "Lr2": 0.07360554528282699,
    "Lr2_std": 0.04777837339179369,
    "C_sinr": 155.21695404972817,
    "C_sinr_std": 52.996784656638425,
    "C_side": 1.0161555418640533,
    "C_side_std": 0.1280537693449566,
    "C_band": 0.05883036528570188,
    "C_band_std": 0.038573417267840845,
    "C_balance": 0.24047274392722576,
    "C_balance_std": 0.11793294029570867,
    "min_sinr_db": -15.448974172991313,
    "min_sinr_db_std": 5.452116027191492,
    "peak_sidelobe_ratio": 1.7858034970665846,
    "peak_sidelobe_ratio_std": 0.36975821062298475,
    "mean_sidelobe_ratio": 1.1282637015730295,
    "mean_sidelobe_ratio_std": 0.21398232186483443,
    "target_band_error": 0.05883036528570188,
    "target_band_error_std": 0.038573417267840845,
    "feasible_rate": 0.0,
    "runtime_sec": 0.036918176500421396,
    "runtime_sec_std": 0.005825755754497176,
    "checkpoint": "log/20260428-203634/checkpoints/heppo_seed1.pt"
  },
  "ppo_seed1": {
    "objective": 1287.6949748500356,
    "objective_std": 467.58635891487404,
    "Lr": 1.0035121378597736,
    "Lr_std": 0.13638080156134555,
    "Lr1": 0.92648751954633,
    "Lr1_std": 0.13632778523242034,
    "Lr2": 0.07702461831344357,
    "Lr2_std": 0.0485720604541648,
    "C_sinr": 160.76709881557213,
    "C_sinr_std": 58.44830306658399,
    "C_side": 0.9717656122274724,
    "C_side_std": 0.12423019062768884,
    "C_band": 0.05894638793304327,
    "C_band_std": 0.042244370655191155,
    "C_balance": 0.23285340985661976,
    "C_balance_std": 0.11884951580360828,
    "min_sinr_db": -16.024050696086995,
    "min_sinr_db_std": 6.042899518631418,
    "peak_sidelobe_ratio": 1.6637712862091125,
    "peak_sidelobe_ratio_std": 0.34997598809681185,
    "mean_sidelobe_ratio": 1.0480745592361627,
    "mean_sidelobe_ratio_std": 0.19905803715779116,
    "target_band_error": 0.05894638793304327,
    "target_band_error_std": 0.042244370655191155,
    "feasible_rate": 0.0,
    "runtime_sec": 0.03635139586867808,
    "runtime_sec_std": 0.005501619533779956,
    "checkpoint": "log/20260428-203634/checkpoints/ppo_seed1.pt"
  }
}
