{
  "heppo_seed1": 0.036918176500421396,
  "ppo_seed1": 0.03635139586867808
}
